Latitude,Longitude,point
50.06187, 19.93680, RPT001
50.06201, 19.93632, RPT002
50.06140, 19.93577, RPT003
50.06063, 19.93764, RPT004
50.05464, 19.93850, RPT005
50.05456, 19.93836, RPT006
50.05451, 19.93831, RPT007
50.05407, 19.93892, RPT008
50.05249, 19.93494, RPT009
50.05045, 19.93565, RPT010
50.05038, 19.93519, RPT011
50.04961, 19.93576, RPT012
50.04979, 19.93565, RPT013
50.04992, 19.93565, RPT014
50.04918, 19.93332, RPT015
50.04875, 19.93298, RPT016
50.04842, 19.93198, RPT017
50.04628, 19.92484, RPT018
50.04613, 19.92498, RPT019
50.04457, 19.92408, RPT020
50.04375, 19.92280, RPT021
50.03506, 19.92605, RPT022
50.03479, 19.92608, RPT023
50.03443, 19.92539, RPT024
50.03335, 19.92256, RPT025
50.03326, 19.92202, RPT026
50.03165, 19.92059, RPT027
50.02746, 19.91352, RPT028
50.02749, 19.91334, RPT029
50.00757, 19.89362, RPT030
50.00674, 19.89003, RPT031
50.00235, 19.88871, RPT032
49.99849, 19.87962, RPT033
49.98847, 19.87253, RPT034
49.98846, 19.87144, RPT035
49.98063, 19.87355, RPT036
49.97466, 19.82851, RPT037
49.97436, 19.82840, RPT038
49.97447, 19.82686, RPT039
49.97458, 19.82681, RPT040
49.97478, 19.82570, RPT041
49.97412, 19.82531, RPT042
49.97312, 19.82472, RPT043
49.93750, 19.81071, RPT044
49.93577, 19.80899, RPT045
49.93369, 19.80977, RPT046
49.92556, 19.80785, RPT047
49.91855, 19.80748, RPT048
49.91009, 19.79901, RPT049
49.90610, 19.78257, RPT050
49.90265, 19.76743, RPT051
49.89901, 19.74966, RPT052
49.89139, 19.73363, RPT053
49.86733, 19.72096, RPT054
49.86624, 19.69603, RPT055
49.85421, 19.69170, RPT056
49.84145, 19.69848, RPT057
49.84045, 19.69421, RPT058
49.83357, 19.68247, RPT059
49.83341, 19.67372, RPT060
49.83321, 19.67141, RPT061
49.82527, 19.62461, RPT062
49.82533, 19.62276, RPT063
49.78307, 19.59633, RPT064
49.77596, 19.59350, RPT065
49.76819, 19.59961, RPT066
49.76622, 19.59368, RPT067
49.75677, 19.60367, RPT068
49.75673, 19.60336, RPT069
49.74957, 19.60450, RPT070
49.74872, 19.60398, RPT071
49.74361, 19.60127, RPT072
49.74363, 19.60123, RPT073
49.74208, 19.60066, RPT074
49.74218, 19.59842, RPT075
49.74206, 19.59842, RPT076
49.73973, 19.58036, RPT077
49.73981, 19.58033, RPT078
49.73628, 19.54986, RPT079
49.73371, 19.52687, RPT080
49.73381, 19.52543, RPT081
49.73407, 19.52370, RPT082
49.72795, 19.50678, RPT083
49.72798, 19.50652, RPT084
49.70664, 19.45954, RPT085
49.70658, 19.45702, RPT086
49.70742, 19.42188, RPT087
49.69243, 19.40120, RPT088
49.68541, 19.38544, RPT089
49.65358, 19.33023, RPT090
49.65327, 19.32385, RPT091
49.64586, 19.32699, RPT092
49.64556, 19.32124, RPT093
49.64008, 19.31655, RPT094
49.63957, 19.31702, RPT095
49.62937, 19.29485, RPT096
49.62389, 19.28792, RPT097
49.61676, 19.27770, RPT098
49.61175, 19.27058, RPT099
49.61614, 19.25603, RPT100
49.61628, 19.25580, RPT101
49.61711, 19.25548, RPT102
49.62658, 19.16917, RPT103
49.62549, 19.16678, RPT104
49.62509, 19.16510, RPT105
49.62089, 19.14369, RPT106
49.61237, 19.12698, RPT107
49.61246, 19.12689, RPT108
49.61244, 19.12683, RPT109
49.61017, 19.12433, RPT110
49.60965, 19.12330, RPT111
49.60891, 19.11621, RPT112
49.60789, 19.11617, RPT113
49.60790, 19.11634, RPT114
49.60968, 19.11628, RPT115
49.58020, 19.09123, RPT116
49.57097, 19.09419, RPT117
49.56726, 19.09062, RPT118
49.56665, 19.09035, RPT119
49.56617, 19.09350, RPT120
49.56199, 19.09325, RPT121
49.56199, 19.09344, RPT122
49.55764, 19.09437, RPT123
49.55764, 19.09423, RPT124
49.55775, 19.09312, RPT125
49.55408, 19.09027, RPT126
49.55423, 19.08998, RPT127
49.52226, 19.05766, RPT128
49.50834, 19.04706, RPT129
49.50754, 19.04695, RPT130
49.50724, 19.04833, RPT131
49.49152, 19.05478, RPT132
49.48723, 19.03819, RPT133
49.48696, 19.02631, RPT134
49.48704, 19.02394, RPT135
49.48670, 19.02032, RPT136
49.48681, 19.01085, RPT137
49.48713, 19.00887, RPT138
49.48839, 19.00302, RPT139
49.49045, 18.99732, RPT140
49.49182, 18.98818, RPT141
49.49210, 18.98747, RPT142
49.49238, 18.98010, RPT143
49.48331, 18.96705, RPT144
49.47312, 18.95123, RPT145
49.47065, 18.92728, RPT146
49.46694, 18.91453, RPT147
49.46698, 18.91268, RPT148
49.44617, 18.89831, RPT149
49.44271, 18.88896, RPT150
49.44295, 18.88879, RPT151
49.44059, 18.88644, RPT152
49.44036, 18.88674, RPT153
49.43768, 18.88355, RPT154
49.43648, 18.88295, RPT155
49.43673, 18.88257, RPT156
49.43318, 18.87858, RPT157
49.43308, 18.87832, RPT158
49.43103, 18.87742, RPT159
49.43115, 18.87673, RPT160
49.42607, 18.86995, RPT161
49.42444, 18.86862, RPT162
49.42382, 18.86479, RPT163
49.42359, 18.86270, RPT164
49.42271, 18.85995, RPT165
49.42296, 18.85978, RPT166
49.41936, 18.84621, RPT167
49.41959, 18.84012, RPT168
49.41578, 18.83357, RPT169
49.40698, 18.83916, RPT170
49.40653, 18.83813, RPT171
49.40595, 18.83434, RPT172
49.39796, 18.83012, RPT173
49.39762, 18.83063, RPT174
49.39758, 18.83070, RPT175
49.39720, 18.83066, RPT176
49.39713, 18.83051, RPT177
49.39456, 18.82950, RPT178
49.39139, 18.82936, RPT179
49.38890, 18.83127, RPT180
49.38895, 18.83201, RPT181
49.38867, 18.83231, RPT182
49.38023, 18.83838, RPT183
49.37761, 18.83865, RPT184
49.37759, 18.83735, RPT185
49.37350, 18.83829, RPT186
49.36412, 18.83045, RPT187
49.35780, 18.81573, RPT188
49.34698, 18.80778, RPT189
49.34682, 18.80756, RPT190
49.34369, 18.81005, RPT191
49.34125, 18.80975, RPT192
49.34082, 18.80996, RPT193
49.33812, 18.81220, RPT194
49.33785, 18.81186, RPT195
49.33605, 18.81051, RPT196
49.33471, 18.81079, RPT197
49.33306, 18.81054, RPT198
49.33056, 18.80851, RPT199
49.31205, 18.80223, RPT200
49.30997, 18.79554, RPT201
49.30969, 18.79566, RPT202
49.30538, 18.79184, RPT203
49.30438, 18.79119, RPT204
49.30439, 18.79045, RPT205
49.30172, 18.78856, RPT206
49.29892, 18.78560, RPT207
49.29994, 18.78354, RPT208
49.28132, 18.75769, RPT209
49.26983, 18.75035, RPT210
49.26929, 18.74957, RPT211
49.26233, 18.74977, RPT212
49.25921, 18.74654, RPT213
49.25753, 18.74117, RPT214
49.23996, 18.73329, RPT215
49.25079, 18.69948, RPT216
49.25915, 18.68592, RPT217
49.26394, 18.64889, RPT218
49.24081, 18.59316, RPT219
49.23892, 18.57137, RPT220
49.23283, 18.55649, RPT221
49.23275, 18.55633, RPT222
49.23471, 18.55372, RPT223
49.23373, 18.55185, RPT224
49.22465, 18.54145, RPT225
49.21071, 18.52178, RPT226
49.21084, 18.52060, RPT227
49.21067, 18.52062, RPT228
49.20782, 18.52171, RPT229
49.20258, 18.51348, RPT230
49.19276, 18.51219, RPT231
49.16481, 18.46963, RPT232
49.17957, 18.45057, RPT233
49.16601, 18.40560, RPT234
49.16601, 18.40194, RPT235
49.16589, 18.40192, RPT236
49.16521, 18.40004, RPT237
49.16445, 18.39819, RPT238
49.15943, 18.39881, RPT239
49.12879, 18.36931, RPT240
49.13003, 18.36798, RPT241
49.12894, 18.36826, RPT242
49.13062, 18.36684, RPT243
49.12997, 18.36550, RPT244
49.13351, 18.36184, RPT245
49.12971, 18.33220, RPT246
49.12973, 18.33200, RPT247
49.12842, 18.33175, RPT248
49.12707, 18.32688, RPT249
49.12698, 18.32665, RPT250
49.12230, 18.31277, RPT251
49.11692, 18.31292, RPT252
49.07992, 18.30859, RPT253
49.07035, 18.29510, RPT254
49.06880, 18.28822, RPT255
49.06888, 18.28796, RPT256
49.02475, 18.20968, RPT257
49.01474, 18.19750, RPT258
48.99497, 18.16948, RPT259
48.96891, 18.12756, RPT260
48.96848, 18.12734, RPT261
48.96787, 18.12666, RPT262
48.96656, 18.12424, RPT263
48.96370, 18.11692, RPT264
48.95938, 18.10586, RPT265
48.92581, 18.07006, RPT266
48.92256, 18.07107, RPT267
48.90730, 18.05755, RPT268
48.90500, 18.04256, RPT269
48.89944, 18.03672, RPT270
48.89921, 18.03663, RPT271
48.89867, 18.03602, RPT272
48.89844, 18.03583, RPT273
48.89813, 18.03539, RPT274
48.89816, 18.03542, RPT275
48.89847, 18.03473, RPT276
48.88003, 17.98780, RPT277
48.87650, 17.97870, RPT278
48.86164, 17.96820, RPT279
48.86164, 17.96710, RPT280
48.79603, 17.87835, RPT281
48.79470, 17.87699, RPT282
48.79427, 17.87791, RPT283
48.77993, 17.86244, RPT284
48.76553, 17.84794, RPT285
48.76537, 17.84752, RPT286
48.76402, 17.84733, RPT287
48.76410, 17.84598, RPT288
48.76408, 17.84598, RPT289
48.76429, 17.84353, RPT290
48.76471, 17.83893, RPT291
48.76396, 17.83935, RPT292
48.76370, 17.83916, RPT293
48.76331, 17.83878, RPT294
48.76311, 17.83928, RPT295
48.76095, 17.83837, RPT296
48.75995, 17.83585, RPT297
48.75769, 17.83648, RPT298
48.75677, 17.83657, RPT299
48.75555, 17.83624, RPT300
48.75508, 17.83592, RPT301
48.75222, 17.83431, RPT302
48.75190, 17.83378, RPT303
48.75159, 17.83063, RPT304
48.74900, 17.83135, RPT305
48.74765, 17.82666, RPT306
48.74805, 17.82684, RPT307
48.74725, 17.82355, RPT308
48.74549, 17.82195, RPT309
48.68009, 17.77450, RPT310
48.61517, 17.75046, RPT311
48.60930, 17.74510, RPT312
48.62174, 17.72323, RPT313
48.62021, 17.72230, RPT314
48.56962, 17.62368, RPT315
48.54552, 17.59046, RPT316
48.54451, 17.58594, RPT317
48.53129, 17.53930, RPT318
48.53363, 17.53628, RPT319
48.53269, 17.53402, RPT320
48.53566, 17.53032, RPT321
48.52402, 17.46682, RPT322
48.52745, 17.46296, RPT323
48.52800, 17.46093, RPT324
48.53656, 17.44431, RPT325
48.54476, 17.42254, RPT326
48.54268, 17.40529, RPT327
48.54194, 17.39466, RPT328
48.53658, 17.32693, RPT329
48.51266, 17.30211, RPT330
48.45913, 17.20241, RPT331
48.45717, 17.17140, RPT332
48.45454, 17.16666, RPT333
48.45171, 17.16278, RPT334
48.43324, 17.15999, RPT335
48.40649, 17.15478, RPT336
48.36756, 17.14387, RPT337
48.36862, 17.14050, RPT338
48.33225, 17.04129, RPT339
48.33006, 17.03312, RPT340
48.32491, 17.02930, RPT341
48.32934, 17.01709, RPT342
48.28495, 16.96767, RPT343
48.21917, 16.97097, RPT344
48.21114, 16.96847, RPT345
48.21100, 16.96881, RPT346
48.21061, 16.96952, RPT347
48.21408, 16.94665, RPT348
48.21351, 16.94698, RPT349
48.21200, 16.94009, RPT350
48.21202, 16.94008, RPT351
48.20357, 16.91883, RPT352
48.19536, 16.91604, RPT353
48.19515, 16.91606, RPT354
48.19465, 16.91428, RPT355
48.18985, 16.89658, RPT356
48.18771, 16.89551, RPT357
48.18781, 16.89509, RPT358
48.18393, 16.89239, RPT359
48.18278, 16.88839, RPT360
48.18136, 16.87665, RPT361
48.18106, 16.87557, RPT362
48.18073, 16.87583, RPT363
48.17128, 16.83143, RPT364
48.16853, 16.81394, RPT365
48.16729, 16.81415, RPT366
48.16598, 16.81191, RPT367
48.14249, 16.79548, RPT368
48.14182, 16.79525, RPT369
48.13972, 16.79502, RPT370
48.13902, 16.79446, RPT371
48.13372, 16.79414, RPT372
48.13469, 16.66570, RPT373
48.13493, 16.65810, RPT374
48.13534, 16.64540, RPT375
48.13572, 16.63449, RPT376
48.13575, 16.63441, RPT377
48.14003, 16.61471, RPT378
48.13780, 16.61391, RPT379
48.13643, 16.61379, RPT380
48.13644, 16.61348, RPT381
48.13666, 16.60628, RPT382
48.13687, 16.60001, RPT383
48.13709, 16.59486, RPT384
48.13859, 16.58141, RPT385
48.14055, 16.57143, RPT386
48.14596, 16.55193, RPT387
48.15609, 16.52977, RPT388
48.16524, 16.52320, RPT389
48.16607, 16.52151, RPT390
48.17278, 16.50627, RPT391
48.17896, 16.49460, RPT392
48.17755, 16.49264, RPT393
48.17705, 16.49180, RPT394
48.17711, 16.49161, RPT395
48.17688, 16.49170, RPT396
48.17653, 16.49220, RPT397
48.17638, 16.49199, RPT398
48.17530, 16.49036, RPT399
48.17477, 16.49010, RPT400
48.17496, 16.48933, RPT401
48.17634, 16.48775, RPT402
48.17654, 16.48740, RPT403
48.17702, 16.48493, RPT404
48.17731, 16.48439, RPT405
48.17843, 16.48242, RPT406
48.17780, 16.48340, RPT407
48.17586, 16.47796, RPT408
48.17437, 16.48028, RPT409
48.17409, 16.47974, RPT410
48.16360, 16.47341, RPT411
48.16352, 16.47333, RPT412
48.15988, 16.47094, RPT413
48.15413, 16.46657, RPT414
48.15392, 16.46709, RPT415
48.15281, 16.46961, RPT416
48.15190, 16.47125, RPT417
48.14972, 16.47112, RPT418
48.15020, 16.47274, RPT419
48.14827, 16.47405, RPT420
48.14725, 16.47588, RPT421
48.14724, 16.47620, RPT422
48.14689, 16.47621, RPT423
48.14688, 16.47640, RPT424
48.14670, 16.47638, RPT425
48.14655, 16.47707, RPT426
48.14634, 16.47702, RPT427
48.14570, 16.47705, RPT428
48.14565, 16.47724, RPT429
48.14514, 16.47741, RPT430
48.14487, 16.47692, RPT431
48.14185, 16.47591, RPT432
48.14039, 16.47449, RPT433
48.14007, 16.47401, RPT434
48.14042, 16.47348, RPT435
48.13890, 16.47161, RPT436
48.13655, 16.47001, RPT437
48.13496, 16.47137, RPT438
48.13381, 16.47154, RPT439
48.13135, 16.47004, RPT440
48.13135, 16.46962, RPT441
48.12793, 16.46755, RPT442
48.12741, 16.46741, RPT443
48.12645, 16.46615, RPT444
48.12461, 16.46852, RPT445
48.12443, 16.46974, RPT446
48.12438, 16.46980, RPT447
48.12003, 16.46619, RPT448
48.11323, 16.46055, RPT449
48.11236, 16.45901, RPT450
48.10192, 16.44403, RPT451
48.08774, 16.43326, RPT452
48.08585, 16.43120, RPT453
48.07718, 16.43316, RPT454
48.07305, 16.43264, RPT455
48.05819, 16.40440, RPT456
48.03310, 16.38252, RPT457
48.03243, 16.38471, RPT458
48.02490, 16.37979, RPT459
48.02561, 16.37826, RPT460
48.02547, 16.37803, RPT461
48.02376, 16.37550, RPT462
48.01454, 16.36684, RPT463
48.01412, 16.36569, RPT464
48.01367, 16.36636, RPT465
48.00691, 16.35714, RPT466
48.00677, 16.35742, RPT467
48.00365, 16.35387, RPT468
48.00293, 16.35467, RPT469
47.99089, 16.34067, RPT470
47.99086, 16.34069, RPT471
47.99063, 16.34081, RPT472
47.98654, 16.33631, RPT473
47.97930, 16.32609, RPT474
47.97533, 16.32331, RPT475
47.97395, 16.32208, RPT476
47.97326, 16.32192, RPT477
47.97333, 16.32143, RPT478
47.97174, 16.31762, RPT479
47.97174, 16.31757, RPT480
47.97174, 16.31753, RPT481
47.96531, 16.31049, RPT482
47.95917, 16.30515, RPT483
47.95878, 16.30327, RPT484
47.95773, 16.29989, RPT485
47.95684, 16.29803, RPT486
47.95808, 16.29510, RPT487
47.95460, 16.28877, RPT488
47.95582, 16.28753, RPT489
47.95211, 16.28033, RPT490
47.95154, 16.27978, RPT491
47.95147, 16.27969, RPT492
47.94933, 16.27553, RPT493
47.94711, 16.26371, RPT494
47.94571, 16.26541, RPT495
47.94569, 16.26565, RPT496
47.94531, 16.26613, RPT497
47.94138, 16.26189, RPT498
47.94036, 16.26355, RPT499
47.93972, 16.26173, RPT500
47.93706, 16.25872, RPT501
47.93696, 16.25876, RPT502
47.93376, 16.25460, RPT503
47.93264, 16.25290, RPT504
47.91211, 16.25253, RPT505
47.90653, 16.25074, RPT506
47.90573, 16.25048, RPT507
47.90040, 16.24890, RPT508
47.89817, 16.24713, RPT509
47.89789, 16.24653, RPT510
47.89579, 16.24718, RPT511
47.89590, 16.24601, RPT512
47.89311, 16.24664, RPT513
47.88693, 16.24760, RPT514
47.88664, 16.24619, RPT515
47.88658, 16.24619, RPT516
47.88379, 16.23908, RPT517
47.88384, 16.23899, RPT518
47.88344, 16.23825, RPT519
47.88316, 16.23825, RPT520
47.87593, 16.22622, RPT521
47.87690, 16.22180, RPT522
47.87040, 16.21498, RPT523
47.87079, 16.21422, RPT524
47.86994, 16.21236, RPT525
47.86946, 16.21053, RPT526
47.86852, 16.20787, RPT527
47.86749, 16.20164, RPT528
47.86715, 16.20123, RPT529
47.86597, 16.20016, RPT530
47.86557, 16.19827, RPT531
47.86552, 16.19828, RPT532
47.86410, 16.18976, RPT533
47.86415, 16.18975, RPT534
47.86347, 16.17833, RPT535
47.86197, 16.17753, RPT536
47.86280, 16.17535, RPT537
47.86260, 16.17536, RPT538
47.86239, 16.17542, RPT539
47.86171, 16.17581, RPT540
47.85896, 16.17703, RPT541
47.85832, 16.17786, RPT542
47.85808, 16.17883, RPT543
47.85718, 16.18044, RPT544
47.85590, 16.18239, RPT545
47.84172, 16.18082, RPT546
47.83560, 16.17300, RPT547
47.83153, 16.16679, RPT548
47.83154, 16.16464, RPT549
47.83159, 16.15947, RPT550
47.83148, 16.15908, RPT551
47.82965, 16.15323, RPT552
47.82852, 16.15162, RPT553
47.82495, 16.14545, RPT554
47.82469, 16.14484, RPT555
47.82140, 16.12995, RPT556
47.81830, 16.12336, RPT557
47.81227, 16.11177, RPT558
47.81192, 16.11232, RPT559
47.81000, 16.11134, RPT560
47.80966, 16.11212, RPT561
47.80921, 16.11243, RPT562
47.80730, 16.11148, RPT563
47.80681, 16.11353, RPT564
47.79060, 16.11997, RPT565
47.78697, 16.11499, RPT566
47.77893, 16.10860, RPT567
47.77889, 16.10846, RPT568
47.77832, 16.10799, RPT569
47.77809, 16.10800, RPT570
47.77743, 16.11018, RPT571
47.76473, 16.09686, RPT572
47.75850, 16.09189, RPT573
47.75775, 16.09145, RPT574
47.75785, 16.09088, RPT575
47.75764, 16.09068, RPT576
47.74115, 16.08896, RPT577
47.73567, 16.08591, RPT578
47.73618, 16.08452, RPT579
47.73191, 16.07985, RPT580
47.73152, 16.07555, RPT581
47.72972, 16.07654, RPT582
47.72963, 16.07642, RPT583
47.72743, 16.07040, RPT584
47.72742, 16.06957, RPT585
47.71793, 16.04639, RPT586
47.71792, 16.04618, RPT587
47.71793, 16.04612, RPT588
47.71793, 16.04603, RPT589
47.71746, 16.04649, RPT590
47.70326, 16.02447, RPT591
47.69931, 16.01959, RPT592
47.69972, 16.01887, RPT593
47.69714, 16.01532, RPT594
47.69718, 16.01512, RPT595
47.69636, 16.01264, RPT596
47.69655, 16.01225, RPT597
47.69634, 16.01202, RPT598
47.69741, 16.00745, RPT599
47.69369, 16.00111, RPT600
47.69344, 16.00057, RPT601
47.69203, 15.99647, RPT602
47.69195, 15.99625, RPT603
47.69045, 15.99261, RPT604
47.68924, 15.98948, RPT605
47.68965, 15.98969, RPT606
47.68949, 15.98871, RPT607
47.68787, 15.98400, RPT608
47.68780, 15.98234, RPT609
47.68639, 15.97564, RPT610
47.68280, 15.97073, RPT611
47.68084, 15.96562, RPT612
47.68061, 15.96522, RPT613
47.68024, 15.95895, RPT614
47.67849, 15.95108, RPT615
47.67704, 15.94256, RPT616
47.67538, 15.93980, RPT617
47.67614, 15.93667, RPT618
47.67564, 15.93643, RPT619
47.67558, 15.93636, RPT620
47.67538, 15.93612, RPT621
47.67511, 15.93605, RPT622
47.67154, 15.93242, RPT623
47.67148, 15.93188, RPT624
47.67099, 15.93144, RPT625
47.66670, 15.92815, RPT626
47.66627, 15.92789, RPT627
47.66290, 15.92090, RPT628
47.66281, 15.92062, RPT629
47.65866, 15.90414, RPT630
47.65187, 15.86924, RPT631
47.64754, 15.87276, RPT632
47.64711, 15.87176, RPT633
47.63853, 15.88106, RPT634
47.64190, 15.86964, RPT635
47.64214, 15.86839, RPT636
47.64140, 15.84692, RPT637
47.64093, 15.84584, RPT638
47.63983, 15.84588, RPT639
47.63813, 15.84439, RPT640
47.63662, 15.84314, RPT641
47.63349, 15.84295, RPT642
47.63110, 15.84047, RPT643
47.63289, 15.83024, RPT644
47.63282, 15.82989, RPT645
47.63220, 15.83002, RPT646
47.62580, 15.81269, RPT647
47.61836, 15.77711, RPT648
47.61718, 15.77272, RPT649
47.61571, 15.76936, RPT650
47.61579, 15.76927, RPT651
47.61599, 15.75422, RPT652
47.61605, 15.75405, RPT653
47.61519, 15.75095, RPT654
47.61537, 15.75002, RPT655
47.61526, 15.74962, RPT656
47.61432, 15.74887, RPT657
47.61427, 15.74817, RPT658
47.61380, 15.74839, RPT659
47.60158, 15.72793, RPT660
47.60110, 15.72583, RPT661
47.60132, 15.72386, RPT662
47.60449, 15.71126, RPT663
47.60451, 15.71117, RPT664
47.60501, 15.71015, RPT665
47.60548, 15.70428, RPT666
47.60541, 15.70434, RPT667
47.60510, 15.70425, RPT668
47.60464, 15.70320, RPT669
47.60476, 15.70148, RPT670
47.60666, 15.68733, RPT671
47.60748, 15.68695, RPT672
47.60692, 15.67794, RPT673
47.60688, 15.67590, RPT674
47.60668, 15.67421, RPT675
47.60666, 15.67420, RPT676
47.60674, 15.67177, RPT677
47.60682, 15.67171, RPT678
47.60645, 15.66901, RPT679
47.60702, 15.66859, RPT680
47.60699, 15.66852, RPT681
47.59564, 15.66250, RPT682
47.59554, 15.66284, RPT683
47.58293, 15.64572, RPT684
47.57776, 15.63705, RPT685
47.57255, 15.62836, RPT686
47.57202, 15.62847, RPT687
47.57169, 15.62794, RPT688
47.57130, 15.62214, RPT689
47.57143, 15.62212, RPT690
47.56890, 15.61923, RPT691
47.56802, 15.61801, RPT692
47.56754, 15.61843, RPT693
47.56593, 15.61439, RPT694
47.56593, 15.61260, RPT695
47.56269, 15.60733, RPT696
47.56349, 15.60504, RPT697
47.55405, 15.56219, RPT698
47.55052, 15.55779, RPT699
47.54700, 15.55650, RPT700
47.54696, 15.55626, RPT701
47.54667, 15.55447, RPT702
47.54871, 15.55147, RPT703
47.55169, 15.53601, RPT704
47.55214, 15.53539, RPT705
47.54816, 15.52234, RPT706
47.53953, 15.51219, RPT707
47.53948, 15.51192, RPT708
47.53657, 15.51148, RPT709
47.53630, 15.50938, RPT710
47.53490, 15.50960, RPT711
47.52894, 15.49841, RPT712
47.52878, 15.49828, RPT713
47.52831, 15.49706, RPT714
47.52752, 15.49662, RPT715
47.52656, 15.49505, RPT716
47.52544, 15.49266, RPT717
47.52693, 15.48517, RPT718
47.52673, 15.48387, RPT719
47.52351, 15.46452, RPT720
47.51843, 15.46888, RPT721
47.51380, 15.46308, RPT722
47.51237, 15.46431, RPT723
47.51232, 15.46428, RPT724
47.51195, 15.46410, RPT725
47.50762, 15.45269, RPT726
47.50661, 15.45384, RPT727
47.50559, 15.45280, RPT728
47.50156, 15.44826, RPT729
47.50039, 15.44577, RPT730
47.49343, 15.43167, RPT731
47.49332, 15.43140, RPT732
47.49255, 15.42988, RPT733
47.48835, 15.42123, RPT734
47.48184, 15.40604, RPT735
47.47893, 15.40821, RPT736
47.47227, 15.39536, RPT737
47.46953, 15.38757, RPT738
47.46881, 15.38221, RPT739
47.47222, 15.37306, RPT740
47.46902, 15.36600, RPT741
47.46149, 15.35786, RPT742
47.45938, 15.35643, RPT743
47.45826, 15.34046, RPT744
47.45504, 15.32934, RPT745
47.45519, 15.32852, RPT746
47.45480, 15.32528, RPT747
47.45459, 15.32493, RPT748
47.45452, 15.32482, RPT749
47.45660, 15.32077, RPT750
47.45566, 15.31974, RPT751
47.45567, 15.31960, RPT752
47.45464, 15.31728, RPT753
47.45380, 15.31533, RPT754
47.45368, 15.31522, RPT755
47.45141, 15.31175, RPT756
47.45123, 15.31144, RPT757
47.45128, 15.31138, RPT758
47.44516, 15.29607, RPT759
47.44496, 15.29423, RPT760
47.44414, 15.29181, RPT761
47.44407, 15.29170, RPT762
47.44380, 15.29099, RPT763
47.44368, 15.29013, RPT764
47.44368, 15.29006, RPT765
47.44124, 15.29007, RPT766
47.43893, 15.28815, RPT767
47.43850, 15.28828, RPT768
47.43837, 15.28778, RPT769
47.43785, 15.28256, RPT770
47.43609, 15.27793, RPT771
47.43479, 15.27481, RPT772
47.43472, 15.27487, RPT773
47.43463, 15.27469, RPT774
47.43179, 15.27483, RPT775
47.43146, 15.27535, RPT776
47.42165, 15.27960, RPT777
47.41652, 15.27935, RPT778
47.41365, 15.27802, RPT779
47.41198, 15.27350, RPT780
47.41035, 15.27324, RPT781
47.41016, 15.26864, RPT782
47.40954, 15.26754, RPT783
47.40947, 15.26741, RPT784
47.40713, 15.26189, RPT785
47.40710, 15.26159, RPT786
47.40658, 15.25656, RPT787
47.40609, 15.25013, RPT788
47.40493, 15.24807, RPT789
47.40179, 15.23283, RPT790
47.40167, 15.23269, RPT791
47.40093, 15.23266, RPT792
47.40088, 15.23267, RPT793
47.40044, 15.23207, RPT794
47.40073, 15.23131, RPT795
47.40590, 15.21633, RPT796
47.40606, 15.21569, RPT797
47.40895, 15.19979, RPT798
47.40978, 15.19841, RPT799
47.41043, 15.19708, RPT800
47.41067, 15.19664, RPT801
47.40525, 15.18340, RPT802
47.40706, 15.16694, RPT803
47.40113, 15.14819, RPT804
47.40087, 15.14767, RPT805
47.39317, 15.15125, RPT806
47.38548, 15.11988, RPT807
47.38504, 15.11918, RPT808
47.38450, 15.11698, RPT809
47.38291, 15.11182, RPT810
47.38148, 15.10719, RPT811
47.38303, 15.10639, RPT812
47.38130, 15.09841, RPT813
47.38212, 15.09778, RPT814
47.38162, 15.09663, RPT815
47.38183, 15.09634, RPT816
47.38099, 15.09623, RPT817
47.38022, 15.09330, RPT818
47.37929, 15.09169, RPT819
47.37669, 15.09360, RPT820
47.36591, 15.09479, RPT821
47.36523, 15.09500, RPT822
47.36366, 15.09718, RPT823
47.35601, 15.08918, RPT824
47.35673, 15.08247, RPT825
47.35669, 15.07756, RPT826
47.35704, 15.07586, RPT827
47.35703, 15.07182, RPT828
47.35376, 15.06826, RPT829
47.35437, 15.06706, RPT830
47.35285, 15.06533, RPT831
47.35067, 15.05983, RPT832
47.35034, 15.06009, RPT833
47.34870, 15.05847, RPT834
47.33742, 15.04830, RPT835
47.33550, 15.04339, RPT836
47.33555, 15.03452, RPT837
47.33237, 15.03119, RPT838
47.33368, 15.01639, RPT839
47.33434, 15.01594, RPT840
47.33640, 15.01973, RPT841
47.33758, 15.01613, RPT842
47.33902, 15.01316, RPT843
47.33917, 15.01237, RPT844
47.33904, 15.00495, RPT845
47.33904, 15.00487, RPT846
47.33982, 14.99973, RPT847
47.33748, 14.99593, RPT848
47.33613, 14.99648, RPT849
47.32442, 14.97405, RPT850
47.30897, 14.96666, RPT851
47.30786, 14.96592, RPT852
47.27704, 14.92942, RPT853
47.25129, 14.89603, RPT854
47.24856, 14.89167, RPT855
47.22714, 14.85910, RPT856
47.22408, 14.85559, RPT857
47.22396, 14.85540, RPT858
47.21642, 14.84727, RPT859
47.21631, 14.84725, RPT860
47.21670, 14.84492, RPT861
47.21671, 14.84485, RPT862
47.21680, 14.84489, RPT863
47.21785, 14.84207, RPT864
47.21806, 14.84173, RPT865
47.21781, 14.84102, RPT866
47.21851, 14.83494, RPT867
47.21632, 14.83410, RPT868
47.21554, 14.83199, RPT869
47.21793, 14.80829, RPT870
47.21740, 14.80235, RPT871
47.21717, 14.79550, RPT872
47.21476, 14.78957, RPT873
47.21475, 14.78961, RPT874
47.21335, 14.78512, RPT875
47.21425, 14.77922, RPT876
47.21431, 14.77882, RPT877
47.21435, 14.77881, RPT878
47.21578, 14.75374, RPT879
47.21570, 14.75375, RPT880
47.21526, 14.75191, RPT881
47.21256, 14.72705, RPT882
47.20839, 14.67827, RPT883
47.20813, 14.67788, RPT884
47.20743, 14.67305, RPT885
47.20952, 14.62747, RPT886
47.21995, 14.58067, RPT887
47.21605, 14.57475, RPT888
47.21413, 14.57430, RPT889
47.21405, 14.57407, RPT890
47.21201, 14.57453, RPT891
47.21056, 14.55756, RPT892
47.21049, 14.55758, RPT893
47.21075, 14.53161, RPT894
47.21053, 14.51618, RPT895
47.21118, 14.50736, RPT896
47.21605, 14.48878, RPT897
47.21567, 14.46299, RPT898
47.21516, 14.46260, RPT899
47.21271, 14.46351, RPT900
47.20114, 14.44443, RPT901
47.18493, 14.42777, RPT902
47.17555, 14.42240, RPT903
47.15934, 14.40359, RPT904
47.15727, 14.40506, RPT905
47.15042, 14.40990, RPT906
47.14966, 14.41025, RPT907
47.14908, 14.40784, RPT908
47.14869, 14.40492, RPT909
47.14934, 14.40185, RPT910
47.14898, 14.39994, RPT911
47.13624, 14.37823, RPT912
47.13311, 14.36768, RPT913
47.13124, 14.36394, RPT914
47.13072, 14.36392, RPT915
47.12849, 14.36109, RPT916
47.12862, 14.36136, RPT917
47.12697, 14.36440, RPT918
47.10305, 14.37489, RPT919
47.08799, 14.38195, RPT920
47.08700, 14.39330, RPT921
47.08744, 14.39531, RPT922
47.07591, 14.41041, RPT923
47.07162, 14.42503, RPT924
47.07101, 14.42570, RPT925
47.07140, 14.42718, RPT926
47.07144, 14.42715, RPT927
47.07082, 14.42970, RPT928
47.07006, 14.42996, RPT929
47.06683, 14.43049, RPT930
47.06677, 14.43025, RPT931
47.05320, 14.43318, RPT932
47.04889, 14.43284, RPT933
47.04886, 14.43256, RPT934
47.04026, 14.42659, RPT935
47.03047, 14.41617, RPT936
47.01861, 14.41216, RPT937
47.01527, 14.40836, RPT938
47.01323, 14.40642, RPT939
47.01320, 14.40655, RPT940
46.98985, 14.38983, RPT941
46.98985, 14.38976, RPT942
46.98207, 14.39130, RPT943
46.98197, 14.39120, RPT944
46.98193, 14.39133, RPT945
46.97164, 14.39345, RPT946
46.97094, 14.39388, RPT947
46.95543, 14.40379, RPT948
46.95505, 14.40565, RPT949
46.95384, 14.40617, RPT950
46.95351, 14.40575, RPT951
46.95318, 14.40626, RPT952
46.94879, 14.40810, RPT953
46.94681, 14.41218, RPT954
46.94676, 14.41231, RPT955
46.91956, 14.42701, RPT956
46.91447, 14.42737, RPT957
46.90511, 14.43555, RPT958
46.90330, 14.43641, RPT959
46.90122, 14.43623, RPT960
46.89246, 14.43601, RPT961
46.89097, 14.43815, RPT962
46.89075, 14.43829, RPT963
46.88845, 14.43922, RPT964
46.88397, 14.44445, RPT965
46.85951, 14.44567, RPT966
46.83886, 14.44592, RPT967
46.82121, 14.43720, RPT968
46.82090, 14.43571, RPT969
46.81663, 14.43175, RPT970
46.80313, 14.41069, RPT971
46.80373, 14.40877, RPT972
46.79883, 14.39361, RPT973
46.79695, 14.39022, RPT974
46.78319, 14.37593, RPT975
46.77386, 14.36897, RPT976
46.77371, 14.36879, RPT977
46.76855, 14.36054, RPT978
46.76767, 14.36144, RPT979
46.76675, 14.35993, RPT980
46.76376, 14.35225, RPT981
46.76378, 14.35220, RPT982
46.75663, 14.34110, RPT983
46.75471, 14.33660, RPT984
46.75379, 14.33446, RPT985
46.75367, 14.33457, RPT986
46.75191, 14.33564, RPT987
46.75189, 14.33557, RPT988
46.74737, 14.33222, RPT989
46.73748, 14.32286, RPT990
46.73228, 14.30533, RPT991
46.73210, 14.30539, RPT992
46.72866, 14.28875, RPT993
46.72921, 14.28548, RPT994
46.72939, 14.28554, RPT995
46.72899, 14.25316, RPT996
46.72399, 14.23416, RPT997
46.71610, 14.21713, RPT998
46.71611, 14.21707, RPT999
46.71395, 14.21490, RPT1000
46.71546, 14.20843, RPT1001
46.72253, 14.19977, RPT1002
46.72227, 14.19883, RPT1003
46.72227, 14.19041, RPT1004
46.72728, 14.17077, RPT1005
46.73153, 14.16465, RPT1006
46.73077, 14.15056, RPT1007
46.73090, 14.15002, RPT1008
46.73074, 14.14960, RPT1009
46.72929, 14.14831, RPT1010
46.72784, 14.14477, RPT1011
46.72303, 14.13623, RPT1012
46.72240, 14.12977, RPT1013
46.72063, 14.11325, RPT1014
46.72015, 14.11001, RPT1015
46.71986, 14.10916, RPT1016
46.72011, 14.10784, RPT1017
46.72235, 14.10447, RPT1018
46.72206, 14.10387, RPT1019
46.72181, 14.10381, RPT1020
46.72226, 14.09648, RPT1021
46.72238, 14.09612, RPT1022
46.72224, 14.09601, RPT1023
46.72016, 14.09657, RPT1024
46.71985, 14.09366, RPT1025
46.71802, 14.08823, RPT1026
46.71645, 14.08660, RPT1027
46.71614, 14.08638, RPT1028
46.71575, 14.08668, RPT1029
46.71194, 14.08372, RPT1030
46.71189, 14.08378, RPT1031
46.68791, 14.03987, RPT1032
46.68818, 14.02736, RPT1033
46.68817, 14.02728, RPT1034
46.68671, 14.01822, RPT1035
46.68166, 13.99719, RPT1036
46.68127, 13.99640, RPT1037
46.67928, 13.99108, RPT1038
46.67543, 13.98487, RPT1039
46.66088, 13.97095, RPT1040
46.65960, 13.95140, RPT1041
46.65277, 13.93333, RPT1042
46.65239, 13.92757, RPT1043
46.65241, 13.92598, RPT1044
46.64997, 13.91103, RPT1045
46.64991, 13.90283, RPT1046
46.64945, 13.89898, RPT1047
46.64958, 13.89877, RPT1048
46.64693, 13.89100, RPT1049
46.64759, 13.89097, RPT1050
46.64763, 13.89081, RPT1051
46.64753, 13.89064, RPT1052
46.64241, 13.88672, RPT1053
46.64131, 13.88552, RPT1054
46.64032, 13.88572, RPT1055
46.64031, 13.88520, RPT1056
46.63629, 13.88190, RPT1057
46.63609, 13.88235, RPT1058
46.63251, 13.88021, RPT1059
46.62841, 13.87708, RPT1060
46.62688, 13.87715, RPT1061
46.62630, 13.87697, RPT1062
46.62402, 13.87696, RPT1063
46.62209, 13.87916, RPT1064
46.62225, 13.87948, RPT1065
46.61638, 13.88132, RPT1066
46.61595, 13.87988, RPT1067
46.61611, 13.88020, RPT1068
46.61618, 13.87960, RPT1069
46.61608, 13.87933, RPT1070
46.61611, 13.87895, RPT1071
46.61516, 13.87834, RPT1072
46.61496, 13.87867, RPT1073
46.60316, 13.87413, RPT1074
46.59795, 13.86577, RPT1075
46.59488, 13.86061, RPT1076
46.59358, 13.85646, RPT1077
46.59341, 13.85604, RPT1078
46.58427, 13.84515, RPT1079
46.58405, 13.84488, RPT1080
46.57371, 13.84346, RPT1081
46.56931, 13.81468, RPT1082
46.56937, 13.81368, RPT1083
46.56695, 13.80942, RPT1084
46.56336, 13.80265, RPT1085
46.56338, 13.80258, RPT1086
46.55600, 13.79199, RPT1087
46.55004, 13.76583, RPT1088
46.54757, 13.75531, RPT1089
46.54819, 13.73845, RPT1090
46.54807, 13.73812, RPT1091
46.54936, 13.71004, RPT1092
46.54931, 13.71002, RPT1093
46.55033, 13.69727, RPT1094
46.55020, 13.69553, RPT1095
46.55029, 13.69158, RPT1096
46.54648, 13.66017, RPT1097
46.54485, 13.65367, RPT1098
46.54474, 13.65361, RPT1099
46.54476, 13.65354, RPT1100
46.54248, 13.65067, RPT1101
46.54296, 13.65048, RPT1102
46.54257, 13.64782, RPT1103
46.54200, 13.64642, RPT1104
46.54154, 13.64538, RPT1105
46.53668, 13.64074, RPT1106
46.52212, 13.61678, RPT1107
46.52211, 13.61689, RPT1108
46.51579, 13.60693, RPT1109
46.51572, 13.60714, RPT1110
46.50949, 13.55534, RPT1111
46.50866, 13.53455, RPT1112
46.50835, 13.53411, RPT1113
46.50834, 13.53407, RPT1114
46.50880, 13.48127, RPT1115
46.50976, 13.47192, RPT1116
46.50946, 13.46816, RPT1117
46.50231, 13.43496, RPT1118
46.50021, 13.39973, RPT1119
46.50009, 13.39806, RPT1120
46.50251, 13.38151, RPT1121
46.50947, 13.32517, RPT1122
46.50936, 13.32335, RPT1123
46.50834, 13.31512, RPT1124
46.50807, 13.31231, RPT1125
46.49853, 13.29996, RPT1126
46.48015, 13.29732, RPT1127
46.47655, 13.29396, RPT1128
46.41008, 13.31148, RPT1129
46.40633, 13.29951, RPT1130
46.39773, 13.28131, RPT1131
46.39358, 13.22101, RPT1132
46.39834, 13.18083, RPT1133
46.39827, 13.18030, RPT1134
46.39996, 13.18582, RPT1135
46.39942, 13.18183, RPT1136
46.39934, 13.18180, RPT1137
46.39893, 13.18176, RPT1138
46.38278, 13.13511, RPT1139
46.38108, 13.13300, RPT1140
46.37729, 13.13656, RPT1141
46.37592, 13.13576, RPT1142
46.37556, 13.13550, RPT1143
46.36677, 13.13424, RPT1144
46.36665, 13.13451, RPT1145
46.36655, 13.13470, RPT1146
46.35611, 13.13848, RPT1147
46.35472, 13.13918, RPT1148
46.35086, 13.14080, RPT1149
46.34225, 13.13968, RPT1150
46.33633, 13.14137, RPT1151
46.33644, 13.14030, RPT1152
46.33529, 13.14011, RPT1153
46.33190, 13.13875, RPT1154
46.33159, 13.13965, RPT1155
46.32922, 13.13715, RPT1156
46.32891, 13.13424, RPT1157
46.32928, 13.13239, RPT1158
46.32091, 13.13036, RPT1159
46.29942, 13.12095, RPT1160
46.29905, 13.12035, RPT1161
46.29766, 13.11941, RPT1162
46.29597, 13.11992, RPT1163
46.29304, 13.12131, RPT1164
46.29245, 13.12123, RPT1165
46.29052, 13.11461, RPT1166
46.28686, 13.11210, RPT1167
46.28716, 13.10760, RPT1168
46.28610, 13.10752, RPT1169
46.28616, 13.10204, RPT1170
46.28634, 13.10136, RPT1171
46.28257, 13.09904, RPT1172
46.28220, 13.09798, RPT1173
46.28164, 13.09662, RPT1174
46.28134, 13.09589, RPT1175
46.28135, 13.09547, RPT1176
46.28365, 13.09190, RPT1177
46.28375, 13.09182, RPT1178
46.28129, 13.08226, RPT1179
46.28122, 13.08190, RPT1180
46.28085, 13.08179, RPT1181
46.27903, 13.07996, RPT1182
46.27934, 13.07502, RPT1183
46.27965, 13.07487, RPT1184
46.27551, 13.05992, RPT1185
46.27573, 13.05910, RPT1186
46.26065, 13.04043, RPT1187
46.25843, 13.03897, RPT1188
46.25833, 13.03884, RPT1189
46.25563, 13.03818, RPT1190
46.22351, 13.00882, RPT1191
46.22329, 13.00868, RPT1192
46.21407, 12.99139, RPT1193
46.20853, 12.97267, RPT1194
46.20777, 12.97130, RPT1195
46.20505, 12.96259, RPT1196
46.20636, 12.96083, RPT1197
46.21146, 12.95641, RPT1198
46.21155, 12.95559, RPT1199
46.20793, 12.95213, RPT1200
46.19985, 12.95725, RPT1201
46.19398, 12.95518, RPT1202
46.19239, 12.95391, RPT1203
46.19127, 12.95267, RPT1204
46.19114, 12.95096, RPT1205
46.18470, 12.94868, RPT1206
46.18217, 12.95137, RPT1207
46.17907, 12.94911, RPT1208
46.17789, 12.94562, RPT1209
46.17545, 12.94286, RPT1210
46.17548, 12.94164, RPT1211
46.17586, 12.93765, RPT1212
46.17517, 12.93517, RPT1213
46.17545, 12.93444, RPT1214
46.17704, 12.92724, RPT1215
46.16954, 12.92542, RPT1216
46.16997, 12.92054, RPT1217
46.16896, 12.92064, RPT1218
46.16857, 12.91740, RPT1219
46.16883, 12.91711, RPT1220
46.16468, 12.91417, RPT1221
46.14356, 12.90518, RPT1222
46.14190, 12.90661, RPT1223
46.14122, 12.90620, RPT1224
46.14044, 12.90743, RPT1225
46.13966, 12.90791, RPT1226
46.11702, 12.90195, RPT1227
46.11707, 12.90106, RPT1228
46.11280, 12.90121, RPT1229
46.11284, 12.90144, RPT1230
46.11280, 12.90146, RPT1231
46.11283, 12.90193, RPT1232
46.11209, 12.90192, RPT1233
46.11134, 12.90192, RPT1234
46.11133, 12.89914, RPT1235
46.11130, 12.89869, RPT1236
46.11134, 12.89756, RPT1237
46.10994, 12.89790, RPT1238
46.10605, 12.89380, RPT1239
46.10567, 12.89328, RPT1240
46.09496, 12.88359, RPT1241
46.09027, 12.87637, RPT1242
46.08935, 12.87161, RPT1243
46.08664, 12.87132, RPT1244
46.08568, 12.86972, RPT1245
46.08454, 12.87089, RPT1246
46.08431, 12.87395, RPT1247
46.08201, 12.87574, RPT1248
46.06903, 12.88777, RPT1249
46.06761, 12.89294, RPT1250
46.06731, 12.89293, RPT1251
46.05941, 12.89526, RPT1252
46.05694, 12.89511, RPT1253
46.05461, 12.89696, RPT1254
46.04767, 12.89403, RPT1255
46.04724, 12.89450, RPT1256
46.04682, 12.89438, RPT1257
46.04105, 12.89332, RPT1258
46.03986, 12.89269, RPT1259
46.03404, 12.88941, RPT1260
46.03408, 12.88895, RPT1261
46.03307, 12.88815, RPT1262
46.01988, 12.87679, RPT1263
46.02081, 12.87379, RPT1264
46.01419, 12.86678, RPT1265
46.01403, 12.86669, RPT1266
46.01374, 12.86661, RPT1267
46.01375, 12.86653, RPT1268
46.00457, 12.86042, RPT1269
45.99867, 12.85660, RPT1270
45.99850, 12.85631, RPT1271
45.99847, 12.85639, RPT1272
45.99515, 12.85153, RPT1273
45.98042, 12.82997, RPT1274
45.97891, 12.82746, RPT1275
45.96902, 12.81194, RPT1276
45.97232, 12.80448, RPT1277
45.97117, 12.80306, RPT1278
45.95308, 12.78847, RPT1279
45.94676, 12.77104, RPT1280
45.94418, 12.76004, RPT1281
45.94423, 12.75999, RPT1282
45.94119, 12.75398, RPT1283
45.94198, 12.75327, RPT1284
45.93050, 12.73484, RPT1285
45.93056, 12.73262, RPT1286
45.92902, 12.73082, RPT1287
45.92930, 12.73037, RPT1288
45.92851, 12.72991, RPT1289
45.92768, 12.72681, RPT1290
45.92802, 12.72659, RPT1291
45.92963, 12.72568, RPT1292
45.92935, 12.72494, RPT1293
45.93366, 12.72126, RPT1294
45.93624, 12.70373, RPT1295
45.93603, 12.70333, RPT1296
45.93578, 12.70296, RPT1297
45.93563, 12.70291, RPT1298
45.91638, 12.66048, RPT1299
45.91619, 12.66064, RPT1300
45.91552, 12.65643, RPT1301
45.91590, 12.65355, RPT1302
45.91500, 12.65032, RPT1303
45.91497, 12.65035, RPT1304
45.90325, 12.63628, RPT1305
45.90295, 12.63651, RPT1306
45.90097, 12.63018, RPT1307
45.89067, 12.62128, RPT1308
45.89021, 12.62136, RPT1309
45.88912, 12.61995, RPT1310
45.88500, 12.61714, RPT1311
45.88438, 12.61656, RPT1312
45.88410, 12.61077, RPT1313
45.88092, 12.60742, RPT1314
45.88095, 12.60737, RPT1315
45.87800, 12.60882, RPT1316
45.87801, 12.60889, RPT1317
45.87494, 12.60970, RPT1318
45.87476, 12.60971, RPT1319
45.87229, 12.61003, RPT1320
45.87130, 12.61000, RPT1321
45.82490, 12.56175, RPT1322
45.81782, 12.55543, RPT1323
45.79310, 12.54575, RPT1324
45.79168, 12.54365, RPT1325
45.78910, 12.53931, RPT1326
45.78976, 12.53327, RPT1327
45.79099, 12.53003, RPT1328
45.78745, 12.50385, RPT1329
45.78516, 12.50082, RPT1330
45.78498, 12.50058, RPT1331
45.78506, 12.50041, RPT1332
45.78513, 12.50036, RPT1333
45.78440, 12.49630, RPT1334
45.78407, 12.49559, RPT1335
45.78335, 12.49404, RPT1336
45.78390, 12.49370, RPT1337
45.78359, 12.49276, RPT1338
45.78281, 12.49170, RPT1339
45.78253, 12.49212, RPT1340
45.78195, 12.49099, RPT1341
45.78193, 12.49097, RPT1342
45.77983, 12.49045, RPT1343
45.77954, 12.49145, RPT1344
45.77575, 12.48975, RPT1345
45.77577, 12.48964, RPT1346
45.77244, 12.48860, RPT1347
45.77243, 12.48882, RPT1348
45.76671, 12.48716, RPT1349
45.76521, 12.48748, RPT1350
45.76074, 12.48464, RPT1351
45.76156, 12.48474, RPT1352
45.76071, 12.48402, RPT1353
45.75572, 12.48179, RPT1354
45.75568, 12.48190, RPT1355
45.73309, 12.47401, RPT1356
45.72818, 12.47310, RPT1357
45.72248, 12.47032, RPT1358
45.72244, 12.47041, RPT1359
45.72170, 12.46990, RPT1360
45.71509, 12.46168, RPT1361
45.71497, 12.46153, RPT1362
45.71488, 12.46089, RPT1363
45.71415, 12.45812, RPT1364
45.70667, 12.44473, RPT1365
45.70157, 12.43014, RPT1366
45.70150, 12.43016, RPT1367
45.70121, 12.42936, RPT1368
45.70128, 12.42934, RPT1369
45.69837, 12.42110, RPT1370
45.68582, 12.38224, RPT1371
45.68578, 12.38226, RPT1372
45.68434, 12.37608, RPT1373
45.68439, 12.37605, RPT1374
45.67854, 12.34044, RPT1375
45.68448, 12.33473, RPT1376
45.68568, 12.32569, RPT1377
45.68936, 12.32143, RPT1378
45.68120, 12.29966, RPT1379
45.68125, 12.29907, RPT1380
45.68091, 12.29861, RPT1381
45.67766, 12.28830, RPT1382
45.67662, 12.27680, RPT1383
45.67688, 12.26267, RPT1384
45.67584, 12.26264, RPT1385
45.67226, 12.25408, RPT1386
45.67032, 12.25398, RPT1387
45.67032, 12.25098, RPT1388
45.67016, 12.25077, RPT1389
45.67003, 12.25076, RPT1390
45.66992, 12.25069, RPT1391
45.66988, 12.25069, RPT1392
45.66954, 12.25070, RPT1393
45.66927, 12.25071, RPT1394
45.66931, 12.24560, RPT1395
45.66820, 12.24494, RPT1396
45.66733, 12.24234, RPT1397
45.66705, 12.23538, RPT1398
45.66702, 12.23505, RPT1399
45.66700, 12.23485, RPT1400
45.66696, 12.23448, RPT1401
45.66696, 12.23434, RPT1402
45.66699, 12.23427, RPT1403
45.66624, 12.22751, RPT1404
45.66624, 12.22736, RPT1405
45.66616, 12.22738, RPT1406
45.66603, 12.22697, RPT1407
45.66402, 12.22504, RPT1408
45.66356, 12.22478, RPT1409
45.66316, 12.22471, RPT1410
45.66313, 12.22436, RPT1411
45.66316, 12.22419, RPT1412
45.66357, 12.22012, RPT1413
45.66398, 12.21615, RPT1414
45.66240, 12.20817, RPT1415
45.66232, 12.20790, RPT1416
45.66010, 12.20059, RPT1417
45.65999, 12.20022, RPT1418
45.65763, 12.19232, RPT1419
45.65761, 12.19226, RPT1420
45.64806, 12.16105, RPT1421
45.64872, 12.16069, RPT1422
45.64798, 12.15967, RPT1423
45.64777, 12.15935, RPT1424
45.64771, 12.15912, RPT1425
45.62913, 12.09620, RPT1426
45.62909, 12.09606, RPT1427
45.62900, 12.09553, RPT1428
45.62836, 12.09248, RPT1429
45.62814, 12.09256, RPT1430
45.62472, 12.08000, RPT1431
45.62275, 12.07288, RPT1432
45.62271, 12.07277, RPT1433
45.60713, 12.02058, RPT1434
45.60322, 12.00895, RPT1435
45.60319, 12.00885, RPT1436
45.59045, 11.96712, RPT1437
45.58785, 11.95791, RPT1438
45.58780, 11.95788, RPT1439
45.58804, 11.95564, RPT1440
45.58716, 11.95636, RPT1441
45.58496, 11.94902, RPT1442
45.58234, 11.94050, RPT1443
45.58223, 11.94014, RPT1444
45.58183, 11.93885, RPT1445
45.58000, 11.93921, RPT1446
45.56312, 11.93695, RPT1447
45.55512, 11.93332, RPT1448
45.55188, 11.93185, RPT1449
45.55173, 11.93215, RPT1450
45.55043, 11.93161, RPT1451
45.55026, 11.93251, RPT1452
45.54712, 11.93145, RPT1453
45.54640, 11.93492, RPT1454
45.54364, 11.93397, RPT1455
45.54274, 11.93703, RPT1456
45.53968, 11.93583, RPT1457
45.53896, 11.93969, RPT1458
45.53311, 11.93746, RPT1459
45.53312, 11.93740, RPT1460
45.52926, 11.93593, RPT1461
45.52925, 11.93597, RPT1462
45.51707, 11.93157, RPT1463
45.51824, 11.92510, RPT1464
45.51499, 11.92518, RPT1465
45.48194, 11.90916, RPT1466
45.48181, 11.90908, RPT1467
45.47230, 11.90549, RPT1468
45.46296, 11.90194, RPT1469
45.46297, 11.90187, RPT1470
45.46114, 11.90101, RPT1471
45.45411, 11.89833, RPT1472
45.45401, 11.89829, RPT1473
45.45360, 11.89811, RPT1474
45.45365, 11.89770, RPT1475
45.45360, 11.89768, RPT1476
45.45361, 11.89700, RPT1477
45.45135, 11.89693, RPT1478
45.44920, 11.89648, RPT1479
45.44917, 11.89660, RPT1480
45.44906, 11.89656, RPT1481
45.44897, 11.89559, RPT1482
45.44888, 11.89553, RPT1483
45.44715, 11.89406, RPT1484
45.44620, 11.89386, RPT1485
45.44606, 11.89386, RPT1486
45.44602, 11.89416, RPT1487
45.44589, 11.89450, RPT1488
45.44498, 11.89776, RPT1489
45.44490, 11.89771, RPT1490
45.44397, 11.89718, RPT1491
45.44387, 11.89708, RPT1492
45.44320, 11.89684, RPT1493
45.44254, 11.89732, RPT1494
45.44177, 11.89878, RPT1495
45.44043, 11.89813, RPT1496
45.43843, 11.89636, RPT1497
45.43804, 11.89730, RPT1498
45.43734, 11.89682, RPT1499
45.43648, 11.89814, RPT1500
45.43617, 11.89797, RPT1501
45.43514, 11.89756, RPT1502
45.43469, 11.89698, RPT1503
45.43302, 11.89587, RPT1504
45.43301, 11.89601, RPT1505
45.43292, 11.89598, RPT1506
45.43093, 11.89568, RPT1507
45.43061, 11.89569, RPT1508
45.42402, 11.89402, RPT1509
45.42411, 11.88751, RPT1510
45.42186, 11.88591, RPT1511
45.42200, 11.88532, RPT1512
45.41916, 11.88082, RPT1513
45.41949, 11.87881, RPT1514
45.41928, 11.87878, RPT1515
45.41897, 11.87875, RPT1516
45.41773, 11.87789, RPT1517
45.41691, 11.87710, RPT1518
45.41668, 11.87715, RPT1519
45.41282, 11.87386, RPT1520
45.41282, 11.87380, RPT1521
45.41282, 11.87380, RPT1522
45.40716, 11.87280, RPT1523
45.40693, 11.87430, RPT1524
45.40642, 11.87675, RPT1525
45.40340, 11.87561, RPT1526
45.40324, 11.87564, RPT1527
45.40045, 11.87580, RPT1528
45.39284, 11.87133, RPT1529
45.39292, 11.87077, RPT1530
45.39215, 11.87072, RPT1531
45.38918, 11.86979, RPT1532
45.38899, 11.86966, RPT1533
45.38715, 11.86685, RPT1534
45.38718, 11.86682, RPT1535
45.38746, 11.86640, RPT1536
45.38753, 11.86634, RPT1537
45.38762, 11.86601, RPT1538
45.38622, 11.86312, RPT1539
45.38569, 11.86336, RPT1540
45.38571, 11.86346, RPT1541
45.38555, 11.86349, RPT1542
45.38541, 11.86302, RPT1543
45.38466, 11.86212, RPT1544
45.37363, 11.84761, RPT1545
45.36514, 11.84168, RPT1546
45.35816, 11.83738, RPT1547
45.35321, 11.83397, RPT1548
45.31844, 11.80644, RPT1549
45.31560, 11.80390, RPT1550
45.30278, 11.79423, RPT1551
45.29702, 11.78994, RPT1552
45.29632, 11.78949, RPT1553
45.29216, 11.78639, RPT1554
45.29145, 11.78612, RPT1555
45.28690, 11.78358, RPT1556
45.27491, 11.77551, RPT1557
45.27220, 11.77350, RPT1558
45.27108, 11.77269, RPT1559
45.25026, 11.75476, RPT1560
45.24682, 11.75111, RPT1561
45.24660, 11.75133, RPT1562
45.24655, 11.75122, RPT1563
45.24616, 11.75285, RPT1564
45.24493, 11.75198, RPT1565
45.24101, 11.75147, RPT1566
45.23999, 11.75066, RPT1567
45.23959, 11.75308, RPT1568
45.23929, 11.75470, RPT1569
45.23929, 11.75540, RPT1570
45.23926, 11.75551, RPT1571
45.23911, 11.75618, RPT1572
45.23956, 11.76440, RPT1573
45.23778, 11.76481, RPT1574
45.23778, 11.76610, RPT1575
45.23774, 11.76609, RPT1576
45.23421, 11.76542, RPT1577
45.23425, 11.76570, RPT1578
45.22198, 11.77314, RPT1579
45.21097, 11.77818, RPT1580
45.21073, 11.77802, RPT1581
45.20788, 11.77932, RPT1582
45.19999, 11.78373, RPT1583
45.20008, 11.78349, RPT1584
45.19872, 11.78354, RPT1585
45.19845, 11.78496, RPT1586
45.19774, 11.78433, RPT1587
45.19631, 11.78806, RPT1588
45.19563, 11.78757, RPT1589
45.19531, 11.78836, RPT1590
45.19356, 11.79107, RPT1591
45.17416, 11.80711, RPT1592
45.15515, 11.80823, RPT1593
45.14815, 11.81985, RPT1594
45.13679, 11.82207, RPT1595
45.13514, 11.81134, RPT1596
45.12427, 11.81301, RPT1597
45.12379, 11.81198, RPT1598
45.12181, 11.80564, RPT1599
45.11921, 11.80351, RPT1600
45.11844, 11.80201, RPT1601
45.11714, 11.79828, RPT1602
45.10947, 11.78947, RPT1603
45.10913, 11.78720, RPT1604
45.10810, 11.78524, RPT1605
45.10659, 11.78375, RPT1606
45.10601, 11.78372, RPT1607
45.10595, 11.78363, RPT1608
45.10590, 11.78368, RPT1609
45.10500, 11.78468, RPT1610
45.10495, 11.78475, RPT1611
45.10486, 11.78457, RPT1612
45.09819, 11.77545, RPT1613
45.09748, 11.77700, RPT1614
45.09740, 11.77692, RPT1615
45.08381, 11.78137, RPT1616
45.07686, 11.78268, RPT1617
45.07615, 11.78466, RPT1618
45.07606, 11.78494, RPT1619
45.07499, 11.78520, RPT1620
45.07489, 11.78520, RPT1621
45.07462, 11.78521, RPT1622
45.07462, 11.78530, RPT1623
45.07283, 11.78589, RPT1624
45.07133, 11.78760, RPT1625
45.07055, 11.78953, RPT1626
45.07072, 11.78979, RPT1627
45.07020, 11.79073, RPT1628
45.06948, 11.79190, RPT1629
45.06847, 11.79295, RPT1630
45.06467, 11.79556, RPT1631
45.06479, 11.79591, RPT1632
45.06188, 11.79829, RPT1633
45.05326, 11.79682, RPT1634
45.04795, 11.80589, RPT1635
45.04630, 11.80457, RPT1636
45.04471, 11.80674, RPT1637
45.04421, 11.80495, RPT1638
45.04080, 11.80075, RPT1639
45.03831, 11.80348, RPT1640
45.03422, 11.79939, RPT1641
45.03402, 11.79897, RPT1642
45.02734, 11.80830, RPT1643
45.01699, 11.80702, RPT1644
44.98426, 11.80336, RPT1645
44.98251, 11.80318, RPT1646
44.98071, 11.80296, RPT1647
44.97922, 11.80283, RPT1648
44.97780, 11.79959, RPT1649
44.96786, 11.77933, RPT1650
44.96662, 11.77592, RPT1651
44.96229, 11.76419, RPT1652
44.96190, 11.76302, RPT1653
44.96283, 11.75638, RPT1654
44.96340, 11.75604, RPT1655
44.95369, 11.75643, RPT1656
44.95252, 11.75927, RPT1657
44.95672, 11.75583, RPT1658
44.95673, 11.75580, RPT1659
44.95667, 11.75454, RPT1660
44.95545, 11.75002, RPT1661
44.95468, 11.74836, RPT1662
44.91898, 11.70325, RPT1663
44.91392, 11.69164, RPT1664
44.90586, 11.66162, RPT1665
44.90169, 11.65880, RPT1666
44.88750, 11.65002, RPT1667
44.88743, 11.65003, RPT1668
44.86828, 11.64998, RPT1669
44.86820, 11.64998, RPT1670
44.86018, 11.64559, RPT1671
44.85459, 11.63984, RPT1672
44.84963, 11.63304, RPT1673
44.85059, 11.62078, RPT1674
44.85051, 11.62077, RPT1675
44.85040, 11.62075, RPT1676
44.84981, 11.62044, RPT1677
44.84969, 11.62038, RPT1678
44.84946, 11.62068, RPT1679
44.84918, 11.62439, RPT1680
44.83827, 11.61973, RPT1681
44.83785, 11.62042, RPT1682
44.83555, 11.61915, RPT1683
44.83460, 11.61966, RPT1684
44.83300, 11.61821, RPT1685
44.83237, 11.61718, RPT1686
44.82876, 11.61296, RPT1687
44.82874, 11.61287, RPT1688
44.81878, 11.60368, RPT1689
44.81867, 11.60370, RPT1690
44.81743, 11.60225, RPT1691
44.81458, 11.59857, RPT1692
44.81462, 11.59850, RPT1693
44.81252, 11.59537, RPT1694
44.81247, 11.59542, RPT1695
44.81211, 11.59488, RPT1696
44.81215, 11.59483, RPT1697
44.80668, 11.58664, RPT1698
44.78792, 11.60963, RPT1699
44.78180, 11.59387, RPT1700
44.78186, 11.59382, RPT1701
44.77316, 11.57937, RPT1702
44.77288, 11.57834, RPT1703
44.77278, 11.57836, RPT1704
44.75522, 11.54854, RPT1705
44.74246, 11.56158, RPT1706
44.73166, 11.55421, RPT1707
44.72730, 11.54805, RPT1708
44.71851, 11.53471, RPT1709
44.71904, 11.53293, RPT1710
44.71895, 11.53293, RPT1711
44.71896, 11.53228, RPT1712
44.71919, 11.53210, RPT1713
44.71888, 11.53155, RPT1714
44.71809, 11.52974, RPT1715
44.71824, 11.52946, RPT1716
44.71819, 11.52923, RPT1717
44.71802, 11.52949, RPT1718
44.71731, 11.52848, RPT1719
44.71591, 11.52398, RPT1720
44.69697, 11.50085, RPT1721
44.69842, 11.47312, RPT1722
44.68985, 11.46491, RPT1723
44.68854, 11.46803, RPT1724
44.66340, 11.45729, RPT1725
44.66472, 11.45232, RPT1726
44.66492, 11.43973, RPT1727
44.66011, 11.43631, RPT1728
44.65371, 11.43230, RPT1729
44.65362, 11.43255, RPT1730
44.64763, 11.42891, RPT1731
44.64445, 11.42690, RPT1732
44.63634, 11.42208, RPT1733
44.63619, 11.42164, RPT1734
44.63593, 11.42146, RPT1735
44.63582, 11.42151, RPT1736
44.63573, 11.42155, RPT1737
44.63499, 11.42100, RPT1738
44.63506, 11.42051, RPT1739
44.63502, 11.42048, RPT1740
44.63502, 11.42042, RPT1741
44.63409, 11.41995, RPT1742
44.63364, 11.41978, RPT1743
44.62990, 11.41764, RPT1744
44.61466, 11.40824, RPT1745
44.61449, 11.40867, RPT1746
44.60833, 11.40496, RPT1747
44.60827, 11.40511, RPT1748
44.60082, 11.40031, RPT1749
44.60033, 11.39999, RPT1750
44.60054, 11.39949, RPT1751
44.57381, 11.37573, RPT1752
44.57252, 11.37521, RPT1753
44.57246, 11.37549, RPT1754
44.57238, 11.37545, RPT1755
44.57234, 11.37562, RPT1756
44.55802, 11.36677, RPT1757
44.55149, 11.35671, RPT1758
44.54508, 11.35157, RPT1759
44.54227, 11.35009, RPT1760
44.53888, 11.34594, RPT1761
44.53874, 11.34587, RPT1762
44.53852, 11.34572, RPT1763
44.53269, 11.34269, RPT1764
44.52740, 11.33897, RPT1765
44.52519, 11.33739, RPT1766
44.52497, 11.33758, RPT1767
44.52321, 11.33660, RPT1768
44.52241, 11.33590, RPT1769
44.52140, 11.33525, RPT1770
44.52147, 11.33487, RPT1771
44.51923, 11.33412, RPT1772
44.51840, 11.33386, RPT1773
44.51730, 11.33329, RPT1774
44.51698, 11.33337, RPT1775
44.51696, 11.33337, RPT1776
44.51696, 11.33364, RPT1777
44.51479, 11.33392, RPT1778
44.51277, 11.33312, RPT1779
44.51163, 11.33155, RPT1780
44.51082, 11.32985, RPT1781
44.50979, 11.32927, RPT1782
44.50969, 11.32893, RPT1783
44.50647, 11.33072, RPT1784
44.50636, 11.33077, RPT1785
44.50618, 11.33069, RPT1786
44.50448, 11.32892, RPT1787
44.50430, 11.32879, RPT1788
44.50428, 11.32864, RPT1789
44.50421, 11.32861, RPT1790
44.50202, 11.32487, RPT1791
44.49800, 11.31950, RPT1792
44.49710, 11.31891, RPT1793
44.49707, 11.31901, RPT1794
44.49688, 11.31887, RPT1795
44.49687, 11.31879, RPT1796
44.49681, 11.31823, RPT1797
44.49663, 11.31734, RPT1798
44.49569, 11.31067, RPT1799
44.49366, 11.30487, RPT1800
44.49008, 11.29540, RPT1801
44.48991, 11.29549, RPT1802
44.48896, 11.29124, RPT1803
44.48462, 11.28746, RPT1804
44.48437, 11.28790, RPT1805
44.47812, 11.28496, RPT1806
44.47702, 11.28507, RPT1807
44.47702, 11.28502, RPT1808
44.47386, 11.28518, RPT1809
44.47195, 11.28519, RPT1810
44.47178, 11.28519, RPT1811
44.47169, 11.28461, RPT1812
44.47143, 11.28369, RPT1813
44.46247, 11.28695, RPT1814
44.46069, 11.28466, RPT1815
44.44545, 11.28313, RPT1816
44.44031, 11.28305, RPT1817
44.43077, 11.27900, RPT1818
44.41885, 11.27452, RPT1819
44.41881, 11.27298, RPT1820
44.41677, 11.27129, RPT1821
44.41653, 11.27148, RPT1822
44.41359, 11.27231, RPT1823
44.40493, 11.27402, RPT1824
44.39212, 11.25790, RPT1825
44.39579, 11.25484, RPT1826
44.39448, 11.24740, RPT1827
44.39193, 11.24620, RPT1828
44.39104, 11.24575, RPT1829
44.37035, 11.21758, RPT1830
44.36501, 11.21040, RPT1831
44.34598, 11.20472, RPT1832
44.34596, 11.20477, RPT1833
44.34472, 11.20640, RPT1834
44.34405, 11.20674, RPT1835
44.34412, 11.20775, RPT1836
44.33792, 11.21164, RPT1837
44.33094, 11.19134, RPT1838
44.33058, 11.19009, RPT1839
44.33038, 11.19000, RPT1840
44.32762, 11.18800, RPT1841
44.32143, 11.18364, RPT1842
44.31204, 11.16685, RPT1843
44.31280, 11.16473, RPT1844
44.30565, 11.16180, RPT1845
44.30112, 11.15741, RPT1846
44.30017, 11.15454, RPT1847
44.29968, 11.13349, RPT1848
44.29476, 11.11920, RPT1849
44.28756, 11.11571, RPT1850
44.28775, 11.11297, RPT1851
44.28717, 11.11221, RPT1852
44.28687, 11.11229, RPT1853
44.28486, 11.11432, RPT1854
44.28408, 11.11330, RPT1855
44.28365, 11.11260, RPT1856
44.28292, 11.11265, RPT1857
44.28138, 11.11230, RPT1858
44.28095, 11.11086, RPT1859
44.28108, 11.11032, RPT1860
44.28043, 11.11021, RPT1861
44.27425, 11.10877, RPT1862
44.25440, 11.10266, RPT1863
44.24916, 11.09654, RPT1864
44.24849, 11.09692, RPT1865
44.24685, 11.09319, RPT1866
44.24242, 11.08126, RPT1867
44.24050, 11.07204, RPT1868
44.23775, 11.07009, RPT1869
44.23746, 11.07018, RPT1870
44.23068, 11.05592, RPT1871
44.22921, 11.05574, RPT1872
44.22726, 11.05867, RPT1873
44.22334, 11.05848, RPT1874
44.20447, 11.05758, RPT1875
44.17900, 11.05657, RPT1876
44.17372, 11.05251, RPT1877
44.17276, 11.05222, RPT1878
44.16220, 11.04725, RPT1879
44.14170, 11.03915, RPT1880
44.13426, 11.03892, RPT1881
44.11957, 11.03480, RPT1882
44.11914, 11.02854, RPT1883
44.11873, 11.02812, RPT1884
44.10052, 11.04420, RPT1885
44.09256, 11.04536, RPT1886
44.08502, 11.04475, RPT1887
44.07938, 11.04924, RPT1888
44.07350, 11.05186, RPT1889
44.05807, 11.04831, RPT1890
44.05384, 11.04421, RPT1891
44.05047, 11.04494, RPT1892
44.05046, 11.04492, RPT1893
44.04854, 11.04346, RPT1894
44.03605, 11.03986, RPT1895
44.02088, 11.03254, RPT1896
44.00881, 11.01584, RPT1897
44.00846, 11.01559, RPT1898
44.00549, 11.01113, RPT1899
43.98778, 11.01612, RPT1900
43.98516, 11.01985, RPT1901
43.98073, 11.02347, RPT1902
43.97164, 11.02451, RPT1903
43.97006, 11.02840, RPT1904
43.96737, 11.03015, RPT1905
43.96700, 11.03004, RPT1906
43.96425, 11.03104, RPT1907
43.96324, 11.03132, RPT1908
43.96320, 11.03132, RPT1909
43.95268, 11.03516, RPT1910
43.95108, 11.03582, RPT1911
43.93651, 11.02542, RPT1912
43.93167, 11.02394, RPT1913
43.92957, 11.03214, RPT1914
43.92946, 11.03224, RPT1915
43.92695, 11.03686, RPT1916
43.92388, 11.04456, RPT1917
43.92380, 11.04450, RPT1918
43.91006, 11.06690, RPT1919
43.90116, 11.07569, RPT1920
43.90009, 11.07364, RPT1921
43.90000, 11.07332, RPT1922
43.89951, 11.07359, RPT1923
43.89687, 11.07817, RPT1924
43.89684, 11.07815, RPT1925
43.89652, 11.07878, RPT1926
43.89579, 11.07976, RPT1927
43.89285, 11.08498, RPT1928
43.88819, 11.09021, RPT1929
43.88824, 11.09027, RPT1930
43.88596, 11.09426, RPT1931
43.88656, 11.09485, RPT1932
43.88579, 11.09705, RPT1933
43.88539, 11.09711, RPT1934
43.88500, 11.09713, RPT1935
43.88462, 11.09726, RPT1936
43.88394, 11.09749, RPT1937
43.88299, 11.09696, RPT1938
43.88241, 11.09653, RPT1939
43.88224, 11.09705, RPT1940
43.88186, 11.09695, RPT1941
43.88136, 11.09672, RPT1942
43.88106, 11.09736, RPT1943
43.88094, 11.09732, RPT1944
43.88050, 11.09819, RPT1945
43.88013, 11.09789, RPT1946
43.87948, 11.09951, RPT1947
43.87807, 11.10134, RPT1948
43.87755, 11.10329, RPT1949
43.87748, 11.10331, RPT1950
43.87730, 11.10634, RPT1951
43.87506, 11.10740, RPT1952
43.86751, 11.11730, RPT1953
43.86341, 11.11911, RPT1954
43.86367, 11.11944, RPT1955
43.85736, 11.12314, RPT1956
43.85254, 11.12397, RPT1957
43.84876, 11.13281, RPT1958
43.84056, 11.13213, RPT1959
43.84013, 11.13305, RPT1960
43.83753, 11.13181, RPT1961
43.83374, 11.13198, RPT1962
43.83329, 11.13202, RPT1963
43.83222, 11.13454, RPT1964
43.83124, 11.13611, RPT1965
43.83060, 11.13590, RPT1966
43.82619, 11.14279, RPT1967
43.82615, 11.14273, RPT1968
43.82473, 11.14381, RPT1969
43.82465, 11.14392, RPT1970
43.81635, 11.15279, RPT1971
43.81576, 11.15240, RPT1972
43.81554, 11.15319, RPT1973
43.81535, 11.15351, RPT1974
43.81202, 11.15824, RPT1975
43.81196, 11.15822, RPT1976
43.80657, 11.17782, RPT1977
43.80641, 11.17775, RPT1978
43.80382, 11.18414, RPT1979
43.80258, 11.18791, RPT1980
43.80241, 11.18807, RPT1981
43.79919, 11.18853, RPT1982
43.79902, 11.19194, RPT1983
43.79757, 11.19072, RPT1984
43.79596, 11.19216, RPT1985
43.79650, 11.19471, RPT1986
43.79613, 11.19496, RPT1987
43.79609, 11.19507, RPT1988
43.79480, 11.19598, RPT1989
43.79473, 11.19542, RPT1990
43.79358, 11.19552, RPT1991
43.79350, 11.19572, RPT1992
43.79252, 11.19465, RPT1993
43.79110, 11.19462, RPT1994
43.79101, 11.19463, RPT1995
43.79107, 11.19730, RPT1996
43.79107, 11.19853, RPT1997
43.79058, 11.19853, RPT1998
43.79049, 11.19873, RPT1999
43.79022, 11.19848, RPT2000
43.78112, 11.21776, RPT2001
43.77570, 11.23441, RPT2002
43.77553, 11.23469, RPT2003
43.77555, 11.23476, RPT2004
43.77497, 11.23635, RPT2005
43.77088, 11.24748, RPT2006
43.77072, 11.24786, RPT2007
43.76948, 11.25061, RPT2008
43.76950, 11.25062, RPT2009
43.76948, 11.25066, RPT2010
43.76849, 11.25342, RPT2011
43.76846, 11.25340, RPT2012
43.76844, 11.25345, RPT2013
43.76753, 11.25278, RPT2014
43.76739, 11.25267, RPT2015
43.76737, 11.25264, RPT2016
43.76463, 11.26733, RPT2017
43.76436, 11.26944, RPT2018
43.76423, 11.27021, RPT2019
43.76368, 11.27163, RPT2020
43.76355, 11.27213, RPT2021
43.76345, 11.28127, RPT2022
43.76351, 11.28167, RPT2023
43.76374, 11.28147, RPT2024
43.76433, 11.28357, RPT2025
43.76457, 11.28355, RPT2026
43.76504, 11.28734, RPT2027
43.76511, 11.28797, RPT2028
43.76564, 11.29247, RPT2029
43.76346, 11.30143, RPT2030
43.76329, 11.30247, RPT2031
43.76299, 11.30400, RPT2032
43.76185, 11.31155, RPT2033
43.76184, 11.31233, RPT2034
43.76224, 11.31974, RPT2035
43.76290, 11.32671, RPT2036
43.76417, 11.32932, RPT2037
43.76271, 11.33432, RPT2038
43.76243, 11.33488, RPT2039
43.77228, 11.36192, RPT2040
43.77705, 11.36371, RPT2041
43.77567, 11.40980, RPT2042
43.77423, 11.41204, RPT2043
43.77416, 11.41241, RPT2044
43.76505, 11.42603, RPT2045
43.75878, 11.43376, RPT2046
43.75981, 11.43665, RPT2047
43.75906, 11.44678, RPT2048
43.74886, 11.44942, RPT2049
43.74684, 11.44756, RPT2050
43.73148, 11.43947, RPT2051
43.73004, 11.43691, RPT2052
43.72778, 11.43947, RPT2053
43.72685, 11.44059, RPT2054
43.72678, 11.44095, RPT2055
43.72263, 11.45242, RPT2056
43.72263, 11.45268, RPT2057
43.72258, 11.45359, RPT2058
43.72140, 11.45314, RPT2059
43.72199, 11.45403, RPT2060
43.72186, 11.45417, RPT2061
43.69095, 11.45231, RPT2062
43.69056, 11.45242, RPT2063
43.68004, 11.44472, RPT2064
43.67207, 11.44945, RPT2065
43.66220, 11.44911, RPT2066
43.65913, 11.44842, RPT2067
43.65917, 11.44894, RPT2068
43.65918, 11.45049, RPT2069
43.65906, 11.45045, RPT2070
43.65895, 11.45080, RPT2071
43.65356, 11.45101, RPT2072
43.64931, 11.45105, RPT2073
43.64815, 11.45083, RPT2074
43.64446, 11.45181, RPT2075
43.64441, 11.45147, RPT2076
43.64252, 11.45237, RPT2077
43.64219, 11.45239, RPT2078
43.64204, 11.45197, RPT2079
43.64196, 11.45216, RPT2080
43.64173, 11.45230, RPT2081
43.64136, 11.45278, RPT2082
43.62515, 11.46465, RPT2083
43.62508, 11.46488, RPT2084
43.62505, 11.46486, RPT2085
43.62423, 11.46676, RPT2086
43.62426, 11.46677, RPT2087
43.62429, 11.46683, RPT2088
43.62557, 11.46757, RPT2089
43.62575, 11.46782, RPT2090
43.62285, 11.47806, RPT2091
43.62261, 11.47859, RPT2092
43.62250, 11.47887, RPT2093
43.61244, 11.48742, RPT2094
43.61188, 11.48670, RPT2095
43.61176, 11.48712, RPT2096
43.57829, 11.52302, RPT2097
43.57794, 11.52306, RPT2098
43.57305, 11.52292, RPT2099
43.57280, 11.52293, RPT2100
43.55242, 11.54134, RPT2101
43.54958, 11.54389, RPT2102
43.54936, 11.54392, RPT2103
43.54912, 11.54434, RPT2104
43.54519, 11.54783, RPT2105
43.54492, 11.54794, RPT2106
43.53883, 11.55400, RPT2107
43.53865, 11.55415, RPT2108
43.53099, 11.56040, RPT2109
43.53079, 11.56054, RPT2110
43.52891, 11.56224, RPT2111
43.52143, 11.56886, RPT2112
43.52174, 11.56923, RPT2113
43.52176, 11.56941, RPT2114
43.52167, 11.56981, RPT2115
43.52090, 11.57237, RPT2116
43.50691, 11.60367, RPT2117
43.50695, 11.60370, RPT2118
43.50310, 11.61230, RPT2119
43.50302, 11.61219, RPT2120
43.49742, 11.62067, RPT2121
43.49285, 11.63112, RPT2122
43.49330, 11.63202, RPT2123
43.48470, 11.64531, RPT2124
43.48146, 11.65536, RPT2125
43.48143, 11.65612, RPT2126
43.48027, 11.65568, RPT2127
43.48094, 11.67124, RPT2128
43.47951, 11.67453, RPT2129
43.47900, 11.67704, RPT2130
43.47193, 11.68632, RPT2131
43.47065, 11.68584, RPT2132
43.47031, 11.68617, RPT2133
43.47033, 11.68621, RPT2134
43.46504, 11.68592, RPT2135
43.46052, 11.68651, RPT2136
43.46014, 11.68740, RPT2137
43.44818, 11.70572, RPT2138
43.44477, 11.70797, RPT2139
43.42856, 11.73542, RPT2140
43.42340, 11.74414, RPT2141
43.42213, 11.74511, RPT2142
43.42041, 11.74333, RPT2143
43.41076, 11.74246, RPT2144
43.40957, 11.74874, RPT2145
43.38943, 11.75548, RPT2146
43.38916, 11.75535, RPT2147
43.38899, 11.75562, RPT2148
43.39003, 11.75940, RPT2149
43.38073, 11.77314, RPT2150
43.37920, 11.77776, RPT2151
43.37786, 11.78175, RPT2152
43.37541, 11.78657, RPT2153
43.37411, 11.79287, RPT2154
43.37416, 11.79458, RPT2155
43.36947, 11.79698, RPT2156
43.36758, 11.79886, RPT2157
43.36749, 11.79886, RPT2158
43.36658, 11.80525, RPT2159
43.36541, 11.80522, RPT2160
43.36538, 11.80718, RPT2161
43.35940, 11.80775, RPT2162
43.35510, 11.81003, RPT2163
43.35427, 11.80983, RPT2164
43.35232, 11.81069, RPT2165
43.35075, 11.81105, RPT2166
43.35220, 11.82641, RPT2167
43.32026, 11.83566, RPT2168
43.32048, 11.83647, RPT2169
43.26141, 11.84004, RPT2170
43.26141, 11.83923, RPT2171
43.23488, 11.83557, RPT2172
43.23416, 11.83696, RPT2173
43.23255, 11.83955, RPT2174
43.23138, 11.84001, RPT2175
43.16225, 11.88248, RPT2176
43.16169, 11.88165, RPT2177
43.14450, 11.89527, RPT2178
43.14433, 11.89476, RPT2179
43.09805, 11.91693, RPT2180
43.08615, 11.90424, RPT2181
43.08427, 11.90846, RPT2182
43.07301, 11.91635, RPT2183
43.07062, 11.92010, RPT2184
43.07332, 11.92454, RPT2185
43.05420, 11.93874, RPT2186
43.05397, 11.93847, RPT2187
43.05117, 11.95657, RPT2188
43.05066, 11.95693, RPT2189
43.04866, 11.95988, RPT2190
43.04799, 11.95873, RPT2191
43.04561, 11.96149, RPT2192
43.04001, 11.96116, RPT2193
43.03239, 11.96433, RPT2194
43.03060, 11.96817, RPT2195
43.02799, 11.96736, RPT2196
43.01166, 11.96092, RPT2197
43.01155, 11.96120, RPT2198
43.00686, 11.95789, RPT2199
43.00390, 11.95788, RPT2200
43.00386, 11.95807, RPT2201
43.00334, 11.96019, RPT2202
42.98997, 11.95898, RPT2203
42.96870, 11.96334, RPT2204
42.95785, 11.96663, RPT2205
42.94659, 11.96777, RPT2206
42.93300, 11.97260, RPT2207
42.93219, 11.97290, RPT2208
42.93268, 11.97429, RPT2209
42.93193, 11.97501, RPT2210
42.93181, 11.97508, RPT2211
42.92637, 11.97786, RPT2212
42.91647, 11.98947, RPT2213
42.91142, 12.00047, RPT2214
42.91439, 12.00318, RPT2215
42.90991, 12.02024, RPT2216
42.90031, 12.03031, RPT2217
42.89965, 12.03319, RPT2218
42.89342, 12.03643, RPT2219
42.87701, 12.04385, RPT2220
42.87687, 12.04368, RPT2221
42.86472, 12.05021, RPT2222
42.83809, 12.06566, RPT2223
42.83721, 12.06567, RPT2224
42.82977, 12.06845, RPT2225
42.82786, 12.06867, RPT2226
42.82551, 12.07477, RPT2227
42.82376, 12.07363, RPT2228
42.80295, 12.06157, RPT2229
42.79729, 12.05876, RPT2230
42.78399, 12.03818, RPT2231
42.78315, 12.03725, RPT2232
42.78319, 12.03680, RPT2233
42.76820, 12.03511, RPT2234
42.74039, 12.07500, RPT2235
42.72695, 12.09403, RPT2236
42.72572, 12.09528, RPT2237
42.72600, 12.09544, RPT2238
42.72620, 12.09564, RPT2239
42.72748, 12.09737, RPT2240
42.72979, 12.10597, RPT2241
42.72782, 12.11210, RPT2242
42.72797, 12.11669, RPT2243
42.72255, 12.12707, RPT2244
42.72239, 12.12786, RPT2245
42.72167, 12.12910, RPT2246
42.72209, 12.13112, RPT2247
42.72136, 12.13331, RPT2248
42.72160, 12.13392, RPT2249
42.71822, 12.14080, RPT2250
42.71801, 12.14117, RPT2251
42.71486, 12.14634, RPT2252
42.69251, 12.19788, RPT2253
42.68130, 12.21375, RPT2254
42.67296, 12.21605, RPT2255
42.66013, 12.22388, RPT2256
42.65274, 12.23422, RPT2257
42.61765, 12.25612, RPT2258
42.58923, 12.26116, RPT2259
42.58656, 12.26100, RPT2260
42.56366, 12.27011, RPT2261
42.56340, 12.27049, RPT2262
42.56302, 12.27113, RPT2263
42.56001, 12.27671, RPT2264
42.55657, 12.27718, RPT2265
42.52053, 12.29416, RPT2266
42.51877, 12.29345, RPT2267
42.51642, 12.29201, RPT2268
42.51514, 12.28958, RPT2269
42.51478, 12.28954, RPT2270
42.51432, 12.28941, RPT2271
42.51393, 12.28972, RPT2272
42.51009, 12.29470, RPT2273
42.51009, 12.29475, RPT2274
42.50988, 12.29478, RPT2275
42.50404, 12.27421, RPT2276
42.49585, 12.27611, RPT2277
42.49579, 12.27597, RPT2278
42.49502, 12.27787, RPT2279
42.49585, 12.27889, RPT2280
42.48734, 12.28386, RPT2281
42.48309, 12.28584, RPT2282
42.48044, 12.29186, RPT2283
42.46551, 12.30244, RPT2284
42.46516, 12.30147, RPT2285
42.46400, 12.30435, RPT2286
42.46357, 12.30358, RPT2287
42.46025, 12.30813, RPT2288
42.45510, 12.30788, RPT2289
42.45148, 12.30709, RPT2290
42.44843, 12.30141, RPT2291
42.44593, 12.30096, RPT2292
42.44029, 12.29738, RPT2293
42.42666, 12.28904, RPT2294
42.41316, 12.28659, RPT2295
42.40393, 12.29268, RPT2296
42.39447, 12.28694, RPT2297
42.39092, 12.28680, RPT2298
42.38840, 12.28541, RPT2299
42.38591, 12.28283, RPT2300
42.38456, 12.28056, RPT2301
42.38413, 12.28082, RPT2302
42.38474, 12.28302, RPT2303
42.38475, 12.28553, RPT2304
42.38194, 12.29051, RPT2305
42.38172, 12.29108, RPT2306
42.38179, 12.29223, RPT2307
42.35431, 12.34633, RPT2308
42.35357, 12.34686, RPT2309
42.34536, 12.35492, RPT2310
42.34538, 12.35581, RPT2311
42.34540, 12.35608, RPT2312
42.34277, 12.36805, RPT2313
42.31807, 12.38606, RPT2314
42.30305, 12.40310, RPT2315
42.30220, 12.40397, RPT2316
42.30200, 12.40426, RPT2317
42.29886, 12.41024, RPT2318
42.29878, 12.41024, RPT2319
42.29877, 12.41034, RPT2320
42.29626, 12.41399, RPT2321
42.29620, 12.41410, RPT2322
42.29604, 12.41424, RPT2323
42.29506, 12.41394, RPT2324
42.28912, 12.41414, RPT2325
42.28929, 12.41567, RPT2326
42.28962, 12.41867, RPT2327
42.29288, 12.42817, RPT2328
42.26172, 12.45790, RPT2329
42.22762, 12.44576, RPT2330
42.22615, 12.44308, RPT2331
42.22506, 12.44386, RPT2332
42.22492, 12.44351, RPT2333
42.22011, 12.43277, RPT2334
42.21959, 12.42963, RPT2335
42.21853, 12.42709, RPT2336
42.21841, 12.42684, RPT2337
42.21456, 12.42837, RPT2338
42.18967, 12.43421, RPT2339
42.16001, 12.43720, RPT2340
42.15961, 12.43639, RPT2341
42.13570, 12.43315, RPT2342
42.13165, 12.44529, RPT2343
42.11203, 12.44528, RPT2344
42.10705, 12.44649, RPT2345
42.10580, 12.44637, RPT2346
42.10578, 12.44564, RPT2347
42.10537, 12.44624, RPT2348
42.10524, 12.44629, RPT2349
42.10181, 12.44694, RPT2350
42.09614, 12.44651, RPT2351
42.01082, 12.47782, RPT2352
42.00255, 12.48439, RPT2353
42.00243, 12.48482, RPT2354
42.00121, 12.48433, RPT2355
42.00061, 12.48405, RPT2356
41.99868, 12.49359, RPT2357
41.99874, 12.49410, RPT2358
41.99876, 12.49432, RPT2359
41.99828, 12.49631, RPT2360
41.98817, 12.49422, RPT2361
41.98815, 12.49468, RPT2362
41.98771, 12.49482, RPT2363
41.98578, 12.49503, RPT2364
41.98672, 12.49801, RPT2365
41.95638, 12.48778, RPT2366
41.94348, 12.49641, RPT2367
41.94137, 12.48424, RPT2368
41.93970, 12.48413, RPT2369
41.93666, 12.48054, RPT2370
41.93644, 12.46710, RPT2371
41.93641, 12.46691, RPT2372
41.93652, 12.46676, RPT2373
41.93642, 12.46612, RPT2374
41.93130, 12.45981, RPT2375
41.93132, 12.45977, RPT2376
41.92776, 12.45843, RPT2377
41.92416, 12.45878, RPT2378
41.92113, 12.46801, RPT2379
41.91364, 12.47022, RPT2380
41.90472, 12.47350, RPT2381
41.90459, 12.47334, RPT2382
41.90364, 12.47203, RPT2383
41.90187, 12.47178, RPT2384
41.90044, 12.47269, RPT2385
41.90022, 12.47381, RPT2386
41.89651, 12.47422, RPT2387
41.89625, 12.47603, RPT2388
41.89594, 12.47742, RPT2389
41.89596, 12.47848, RPT2390
41.89404, 12.48152, RPT2391
41.89376, 12.48183, RPT2392
41.89370, 12.48183, RPT2393
41.89320, 12.48237, RPT2394
41.89328, 12.48248, RPT2395
41.89345, 12.48265, RPT2396
41.89331, 12.48292, RPT2397
